node,CPLEX,H
12,106.61000093,106.63
16,111.2,124.39
20,121.25999953,134.9
24,146.439999481,150.83
