examples,ant colony,Clarke and Wright,CPLEX,Genetic algorithms,heuristic
6drop,124.80,153.60,124.800000105,124.80,163.20
8drop,153.60,182.40,144,153.60,192.00
10drop,240.00,211.20,124.800000007,192.00,253.60
12drop,220.80,240.00,211.199997784,211.20,268.80
14drop,328.40,297.60,259.199998829,268.80,342.00