nodes,CPLEX,Heuristic
16,101.610000009,101.26
20,108.999998238,149.31
24,120.93,142.84
28,115.780000002,139.40
32,171.729987278,180.48