node,CPLEX,H
12,106.61000093,106.63
16,111.2,122.7
20,121.25999953,134.9
24,153.259999357,196.86
